season,round,constructor,constructor_points_after_race,constructor_wins_after_race,constructor_standings_pos_after_race,constructor_points,constructor_wins,constructor_standings_pos
2017,1,ferrari,37,1,1,0.0,0.0,0.0
2017,1,mercedes,33,0,2,0.0,0.0,0.0
2017,1,red_bull,10,0,3,0.0,0.0,0.0
2017,1,williams,8,0,4,0.0,0.0,0.0
2017,1,force_india,7,0,5,0.0,0.0,0.0
2017,1,toro_rosso,6,0,6,0.0,0.0,0.0
2017,1,renault,0,0,7,0.0,0.0,0.0
2017,1,sauber,0,0,8,0.0,0.0,0.0
2017,1,mclaren,0,0,9,0.0,0.0,0.0
2017,1,haas,0,0,10,0.0,0.0,0.0
2017,2,mercedes,66,1,1,33.0,0.0,2.0
2017,2,ferrari,65,1,2,37.0,1.0,1.0
2017,2,red_bull,37,0,3,10.0,0.0,3.0
2017,2,toro_rosso,12,0,4,6.0,0.0,6.0
2017,2,force_india,10,0,5,7.0,0.0,5.0
2017,2,williams,8,0,6,8.0,0.0,4.0
2017,2,haas,4,0,7,0.0,0.0,10.0
2017,2,renault,0,0,8,0.0,0.0,7.0
2017,2,sauber,0,0,9,0.0,0.0,8.0
2017,2,mclaren,0,0,10,0.0,0.0,9.0
2017,3,ferrari,102,2,1,65.0,1.0,2.0
2017,3,mercedes,99,1,2,66.0,1.0,1.0
2017,3,red_bull,47,0,3,37.0,0.0,3.0
2017,3,force_india,17,0,4,10.0,0.0,5.0
2017,3,williams,16,0,5,8.0,0.0,6.0
2017,3,toro_rosso,12,0,6,12.0,0.0,4.0
2017,3,haas,8,0,7,4.0,0.0,7.0
2017,3,renault,2,0,8,0.0,0.0,8.0
2017,3,sauber,0,0,9,0.0,0.0,9.0
2017,3,mclaren,0,0,10,0.0,0.0,10.0
2017,4,mercedes,136,2,1,99.0,1.0,2.0
2017,4,ferrari,135,2,2,102.0,2.0,1.0
2017,4,red_bull,57,0,3,47.0,0.0,3.0
2017,4,force_india,31,0,4,17.0,0.0,4.0
2017,4,williams,18,0,5,16.0,0.0,5.0
2017,4,toro_rosso,13,0,6,12.0,0.0,6.0
2017,4,haas,8,0,7,8.0,0.0,7.0
2017,4,renault,6,0,8,2.0,0.0,8.0
2017,4,sauber,0,0,9,0.0,0.0,9.0
2017,4,mclaren,0,0,10,0.0,0.0,10.0
2017,5,mercedes,161,3,1,136.0,2.0,1.0
2017,5,ferrari,153,2,2,135.0,2.0,2.0
2017,5,red_bull,72,0,3,57.0,0.0,3.0
2017,5,force_india,53,0,4,31.0,0.0,4.0
2017,5,toro_rosso,21,0,5,13.0,0.0,6.0
2017,5,williams,18,0,6,18.0,0.0,5.0
2017,5,renault,14,0,7,6.0,0.0,8.0
2017,5,haas,9,0,8,8.0,0.0,7.0
2017,5,sauber,4,0,9,0.0,0.0,9.0
2017,5,mclaren,0,0,10,0.0,0.0,10.0
2017,6,ferrari,196,3,1,153.0,2.0,2.0
2017,6,mercedes,179,3,2,161.0,3.0,1.0
2017,6,red_bull,97,0,3,72.0,0.0,3.0
2017,6,force_india,53,0,4,53.0,0.0,4.0
2017,6,toro_rosso,29,0,5,21.0,0.0,5.0
2017,6,williams,20,0,6,18.0,0.0,6.0
2017,6,renault,14,0,7,14.0,0.0,7.0
2017,6,haas,14,0,8,9.0,0.0,8.0
2017,6,sauber,4,0,9,4.0,0.0,9.0
2017,6,mclaren,0,0,10,0.0,0.0,10.0
2017,7,mercedes,222,4,1,179.0,3.0,2.0
2017,7,ferrari,214,3,2,196.0,3.0,1.0
2017,7,red_bull,112,0,3,97.0,0.0,3.0
2017,7,force_india,71,0,4,53.0,0.0,4.0
2017,7,toro_rosso,29,0,5,29.0,0.0,5.0
2017,7,williams,22,0,6,20.0,0.0,6.0
2017,7,renault,18,0,7,14.0,0.0,7.0
2017,7,haas,15,0,8,14.0,0.0,8.0
2017,7,sauber,4,0,9,4.0,0.0,9.0
2017,7,mclaren,0,0,10,0.0,0.0,10.0
2017,8,mercedes,250,4,1,222.0,4.0,1.0
2017,8,ferrari,226,3,2,214.0,3.0,2.0
2017,8,red_bull,137,1,3,112.0,0.0,3.0
2017,8,force_india,79,0,4,71.0,0.0,4.0
2017,8,williams,37,0,5,22.0,0.0,6.0
2017,8,toro_rosso,33,0,6,29.0,0.0,5.0
2017,8,haas,21,0,7,15.0,0.0,8.0
2017,8,renault,18,0,8,18.0,0.0,7.0
2017,8,sauber,5,0,9,4.0,0.0,9.0
2017,8,mclaren,2,0,10,0.0,0.0,10.0
2017,9,mercedes,287,5,1,250.0,4.0,1.0
2017,9,ferrari,254,3,2,226.0,3.0,2.0
2017,9,red_bull,152,1,3,137.0,1.0,3.0
2017,9,force_india,89,0,4,79.0,0.0,4.0
2017,9,williams,40,0,5,37.0,0.0,5.0
2017,9,toro_rosso,33,0,6,33.0,0.0,6.0
2017,9,haas,29,0,7,21.0,0.0,7.0
2017,9,renault,18,0,8,18.0,0.0,8.0
2017,9,sauber,5,0,9,5.0,0.0,9.0
2017,9,mclaren,2,0,10,2.0,0.0,10.0
2017,10,mercedes,330,6,1,287.0,5.0,1.0
2017,10,ferrari,275,3,2,254.0,3.0,2.0
2017,10,red_bull,174,1,3,152.0,1.0,3.0
2017,10,force_india,95,0,4,89.0,0.0,4.0
2017,10,williams,41,0,5,40.0,0.0,5.0
2017,10,toro_rosso,33,0,6,33.0,0.0,6.0
2017,10,haas,29,0,7,29.0,0.0,7.0
2017,10,renault,26,0,8,18.0,0.0,8.0
2017,10,sauber,5,0,9,5.0,0.0,9.0
2017,10,mclaren,2,0,10,2.0,0.0,10.0
2017,11,mercedes,357,6,1,330.0,6.0,1.0
2017,11,ferrari,318,4,2,275.0,3.0,2.0
2017,11,red_bull,184,1,3,174.0,1.0,3.0
2017,11,force_india,101,0,4,95.0,0.0,4.0
2017,11,williams,41,0,5,41.0,0.0,5.0
2017,11,toro_rosso,39,0,6,33.0,0.0,6.0
2017,11,haas,29,0,7,29.0,0.0,7.0
2017,11,renault,26,0,8,26.0,0.0,8.0
2017,11,mclaren,11,0,9,2.0,0.0,10.0
2017,11,sauber,5,0,10,5.0,0.0,9.0
2017,12,mercedes,392,7,1,357.0,6.0,1.0
2017,12,ferrari,348,4,2,318.0,4.0,2.0
2017,12,red_bull,199,1,3,184.0,1.0,3.0
2017,12,force_india,103,0,4,101.0,0.0,4.0
2017,12,williams,45,0,5,41.0,0.0,5.0
2017,12,toro_rosso,40,0,6,39.0,0.0,6.0
2017,12,haas,35,0,7,29.0,0.0,7.0
2017,12,renault,34,0,8,26.0,0.0,8.0
2017,12,mclaren,11,0,9,11.0,0.0,9.0
2017,12,sauber,5,0,10,5.0,0.0,10.0
2017,13,mercedes,435,8,1,392.0,7.0,1.0
2017,13,ferrari,373,4,2,348.0,4.0,2.0
2017,13,red_bull,212,1,3,199.0,1.0,3.0
2017,13,force_india,113,0,4,103.0,0.0,4.0
2017,13,williams,55,0,5,45.0,0.0,5.0
2017,13,toro_rosso,40,0,6,40.0,0.0,6.0
2017,13,haas,35,0,7,35.0,0.0,7.0
2017,13,renault,34,0,8,34.0,0.0,8.0
2017,13,mclaren,11,0,9,11.0,0.0,9.0
2017,13,sauber,5,0,10,5.0,0.0,10.0
2017,14,mercedes,475,9,1,435.0,8.0,1.0
2017,14,ferrari,373,4,2,373.0,4.0,2.0
2017,14,red_bull,230,1,3,212.0,1.0,3.0
2017,14,force_india,124,0,4,113.0,0.0,4.0
2017,14,williams,59,0,5,55.0,0.0,5.0
2017,14,toro_rosso,52,0,6,40.0,0.0,6.0
2017,14,renault,42,0,7,34.0,0.0,8.0
2017,14,haas,37,0,8,35.0,0.0,7.0
2017,14,mclaren,17,0,9,11.0,0.0,9.0
2017,14,sauber,5,0,10,5.0,0.0,10.0
2017,15,mercedes,503,9,1,475.0,9.0,1.0
2017,15,ferrari,385,4,2,373.0,4.0,2.0
2017,15,red_bull,270,2,3,230.0,1.0,3.0
2017,15,force_india,133,0,4,124.0,0.0,4.0
2017,15,williams,65,0,5,59.0,0.0,5.0
2017,15,toro_rosso,52,0,6,52.0,0.0,6.0
2017,15,renault,42,0,7,42.0,0.0,7.0
2017,15,haas,37,0,8,37.0,0.0,8.0
2017,15,mclaren,23,0,9,17.0,0.0,9.0
2017,15,sauber,5,0,10,5.0,0.0,10.0
2017,16,mercedes,540,10,1,503.0,9.0,1.0
2017,16,ferrari,395,4,2,385.0,4.0,2.0
2017,16,red_bull,303,2,3,270.0,2.0,3.0
2017,16,force_india,147,0,4,133.0,0.0,4.0
2017,16,williams,66,0,5,65.0,0.0,5.0
2017,16,toro_rosso,52,0,6,52.0,0.0,6.0
2017,16,haas,43,0,7,37.0,0.0,8.0
2017,16,renault,42,0,8,42.0,0.0,7.0
2017,16,mclaren,23,0,9,23.0,0.0,9.0
2017,16,sauber,5,0,10,5.0,0.0,10.0
2017,17,mercedes,575,11,1,540.0,10.0,1.0
2017,17,ferrari,428,4,2,395.0,4.0,2.0
2017,17,red_bull,315,2,3,303.0,2.0,3.0
2017,17,force_india,159,0,4,147.0,0.0,4.0
2017,17,williams,68,0,5,66.0,0.0,5.0
2017,17,toro_rosso,53,0,6,52.0,0.0,6.0
2017,17,renault,48,0,7,42.0,0.0,8.0
2017,17,haas,43,0,8,43.0,0.0,7.0
2017,17,mclaren,23,0,9,23.0,0.0,9.0
2017,17,sauber,5,0,10,5.0,0.0,10.0
2017,18,mercedes,595,11,1,575.0,11.0,1.0
2017,18,ferrari,455,4,2,428.0,4.0,2.0
2017,18,red_bull,340,3,3,315.0,2.0,3.0
2017,18,force_india,175,0,4,159.0,0.0,4.0
2017,18,williams,76,0,5,68.0,0.0,5.0
2017,18,toro_rosso,53,0,6,53.0,0.0,6.0
2017,18,renault,48,0,7,48.0,0.0,7.0
2017,18,haas,47,0,8,43.0,0.0,8.0
2017,18,mclaren,24,0,9,23.0,0.0,9.0
2017,18,sauber,5,0,10,5.0,0.0,10.0
2017,19,mercedes,625,11,1,595.0,11.0,1.0
2017,19,ferrari,495,5,2,455.0,4.0,2.0
2017,19,red_bull,358,3,3,340.0,3.0,3.0
2017,19,force_india,177,0,4,175.0,0.0,4.0
2017,19,williams,82,0,5,76.0,0.0,5.0
2017,19,toro_rosso,53,0,6,53.0,0.0,6.0
2017,19,renault,49,0,7,48.0,0.0,7.0
2017,19,haas,47,0,8,47.0,0.0,8.0
2017,19,mclaren,28,0,9,24.0,0.0,9.0
2017,19,sauber,5,0,10,5.0,0.0,10.0
2017,20,mercedes,668,12,1,625.0,11.0,1.0
2017,20,ferrari,522,5,2,495.0,5.0,2.0
2017,20,red_bull,368,3,3,358.0,3.0,3.0
2017,20,force_india,187,0,4,177.0,0.0,4.0
2017,20,williams,83,0,5,82.0,0.0,5.0
2017,20,renault,57,0,6,49.0,0.0,7.0
2017,20,toro_rosso,53,0,7,53.0,0.0,6.0
2017,20,haas,47,0,8,47.0,0.0,8.0
2017,20,mclaren,30,0,9,28.0,0.0,9.0
2017,20,sauber,5,0,10,5.0,0.0,10.0
2018,1,ferrari,40,1,1,0.0,0.0,0.0
2018,1,mercedes,22,0,2,0.0,0.0,0.0
2018,1,red_bull,20,0,3,0.0,0.0,0.0
2018,1,mclaren,12,0,4,0.0,0.0,0.0
2018,1,renault,7,0,5,0.0,0.0,0.0
2018,1,force_india,0,0,6,0.0,0.0,0.0
2018,1,sauber,0,0,7,0.0,0.0,0.0
2018,1,williams,0,0,8,0.0,0.0,0.0
2018,1,toro_rosso,0,0,9,0.0,0.0,0.0
2018,1,haas,0,0,10,0.0,0.0,0.0
2018,2,ferrari,65,2,1,40.0,1.0,1.0
2018,2,mercedes,55,0,2,22.0,0.0,2.0
2018,2,mclaren,22,0,3,12.0,0.0,4.0
2018,2,red_bull,20,0,4,20.0,0.0,3.0
2018,2,renault,15,0,5,7.0,0.0,5.0
2018,2,toro_rosso,12,0,6,0.0,0.0,9.0
2018,2,haas,10,0,7,0.0,0.0,10.0
2018,2,sauber,2,0,8,0.0,0.0,7.0
2018,2,force_india,1,0,9,0.0,0.0,6.0
2018,2,williams,0,0,10,0.0,0.0,8.0
2018,3,mercedes,85,0,1,55.0,0.0,2.0
2018,3,ferrari,84,2,2,65.0,2.0,1.0
2018,3,red_bull,55,1,3,20.0,0.0,4.0
2018,3,mclaren,28,0,4,22.0,0.0,3.0
2018,3,renault,25,0,5,15.0,0.0,5.0
2018,3,toro_rosso,12,0,6,12.0,0.0,6.0
2018,3,haas,11,0,7,10.0,0.0,7.0
2018,3,sauber,2,0,8,2.0,0.0,8.0
2018,3,force_india,1,0,9,1.0,0.0,9.0
2018,3,williams,0,0,10,0.0,0.0,10.0
2018,4,ferrari,114,2,1,84.0,2.0,2.0
2018,4,mercedes,110,1,2,85.0,0.0,1.0
2018,4,red_bull,55,1,3,55.0,1.0,3.0
2018,4,mclaren,36,0,4,28.0,0.0,4.0
2018,4,renault,35,0,5,25.0,0.0,5.0
2018,4,force_india,16,0,6,1.0,0.0,9.0
2018,4,toro_rosso,13,0,7,12.0,0.0,6.0
2018,4,haas,11,0,8,11.0,0.0,7.0
2018,4,sauber,10,0,9,2.0,0.0,8.0
2018,4,williams,4,0,10,0.0,0.0,10.0
2018,5,mercedes,153,2,1,110.0,1.0,2.0
2018,5,ferrari,126,2,2,114.0,2.0,1.0
2018,5,red_bull,80,1,3,55.0,1.0,3.0
2018,5,renault,41,0,4,35.0,0.0,5.0
2018,5,mclaren,40,0,5,36.0,0.0,4.0
2018,5,haas,19,0,6,11.0,0.0,8.0
2018,5,force_india,18,0,7,16.0,0.0,6.0
2018,5,toro_rosso,13,0,8,13.0,0.0,7.0
2018,5,sauber,11,0,9,10.0,0.0,9.0
2018,5,williams,4,0,10,4.0,0.0,10.0
2018,6,mercedes,178,2,1,153.0,2.0,1.0
2018,6,ferrari,156,2,2,126.0,2.0,2.0
2018,6,red_bull,107,2,3,80.0,1.0,3.0
2018,6,renault,46,0,4,41.0,0.0,4.0
2018,6,mclaren,40,0,5,40.0,0.0,5.0
2018,6,force_india,26,0,6,18.0,0.0,7.0
2018,6,toro_rosso,19,0,7,13.0,0.0,8.0
2018,6,haas,19,0,8,19.0,0.0,6.0
2018,6,sauber,11,0,9,11.0,0.0,9.0
2018,6,williams,4,0,10,4.0,0.0,10.0
2018,7,mercedes,206,2,1,178.0,2.0,1.0
2018,7,ferrari,189,3,2,156.0,2.0,2.0
2018,7,red_bull,134,2,3,107.0,2.0,3.0
2018,7,renault,56,0,4,46.0,0.0,4.0
2018,7,mclaren,40,0,5,40.0,0.0,5.0
2018,7,force_india,28,0,6,26.0,0.0,6.0
2018,7,toro_rosso,19,0,7,19.0,0.0,7.0
2018,7,haas,19,0,8,19.0,0.0,8.0
2018,7,sauber,12,0,9,11.0,0.0,9.0
2018,7,williams,4,0,10,4.0,0.0,10.0
2018,8,mercedes,237,3,1,206.0,2.0,1.0
2018,8,ferrari,214,3,2,189.0,3.0,2.0
2018,8,red_bull,164,2,3,134.0,2.0,3.0
2018,8,renault,62,0,4,56.0,0.0,4.0
2018,8,mclaren,40,0,5,40.0,0.0,5.0
2018,8,force_india,28,0,6,28.0,0.0,6.0
2018,8,haas,27,0,7,19.0,0.0,8.0
2018,8,toro_rosso,19,0,8,19.0,0.0,7.0
2018,8,sauber,13,0,9,12.0,0.0,9.0
2018,8,williams,4,0,10,4.0,0.0,10.0
2018,9,ferrari,247,3,1,214.0,3.0,2.0
2018,9,mercedes,237,3,2,237.0,3.0,1.0
2018,9,red_bull,189,3,3,164.0,2.0,3.0
2018,9,renault,62,0,4,62.0,0.0,4.0
2018,9,haas,49,0,5,27.0,0.0,7.0
2018,9,mclaren,44,0,6,40.0,0.0,5.0
2018,9,force_india,42,0,7,28.0,0.0,6.0
2018,9,toro_rosso,19,0,8,19.0,0.0,8.0
2018,9,sauber,16,0,9,13.0,0.0,9.0
2018,9,williams,4,0,10,4.0,0.0,10.0
2018,10,ferrari,287,4,1,247.0,3.0,1.0
2018,10,mercedes,267,3,2,237.0,3.0,2.0
2018,10,red_bull,199,3,3,189.0,3.0,3.0
2018,10,renault,70,0,4,62.0,0.0,4.0
2018,10,haas,51,0,5,49.0,0.0,5.0
2018,10,force_india,49,0,6,42.0,0.0,7.0
2018,10,mclaren,48,0,7,44.0,0.0,6.0
2018,10,toro_rosso,19,0,8,19.0,0.0,8.0
2018,10,sauber,16,0,9,16.0,0.0,9.0
2018,10,williams,4,0,10,4.0,0.0,10.0
2018,11,mercedes,310,4,1,267.0,3.0,2.0
2018,11,ferrari,302,4,2,287.0,4.0,1.0
2018,11,red_bull,211,3,3,199.0,3.0,3.0
2018,11,renault,80,0,4,70.0,0.0,4.0
2018,11,force_india,59,0,5,49.0,0.0,6.0
2018,11,haas,59,0,6,51.0,0.0,5.0
2018,11,mclaren,48,0,7,48.0,0.0,7.0
2018,11,toro_rosso,20,0,8,19.0,0.0,8.0
2018,11,sauber,18,0,9,16.0,0.0,9.0
2018,11,williams,4,0,10,4.0,0.0,10.0
2018,12,mercedes,345,5,1,310.0,4.0,1.0
2018,12,ferrari,335,4,2,302.0,4.0,2.0
2018,12,red_bull,223,3,3,211.0,3.0,3.0
2018,12,renault,82,0,4,80.0,0.0,4.0
2018,12,haas,66,0,5,59.0,0.0,6.0
2018,12,force_india,59,0,6,59.0,0.0,5.0
2018,12,mclaren,52,0,7,48.0,0.0,7.0
2018,12,toro_rosso,28,0,8,20.0,0.0,8.0
2018,12,sauber,18,0,9,18.0,0.0,9.0
2018,12,williams,4,0,10,4.0,0.0,10.0
2018,13,mercedes,375,5,1,345.0,5.0,1.0
2018,13,ferrari,360,5,2,335.0,4.0,2.0
2018,13,red_bull,238,3,3,223.0,3.0,3.0
2018,13,renault,82,0,4,82.0,0.0,4.0
2018,13,haas,76,0,5,66.0,0.0,5.0
2018,13,mclaren,52,0,6,52.0,0.0,7.0
2018,13,toro_rosso,30,0,7,28.0,0.0,8.0
2018,13,sauber,19,0,8,18.0,0.0,9.0
2018,13,force_india,18,0,9,59.0,0.0,6.0
2018,13,williams,4,0,10,4.0,0.0,10.0
2018,14,mercedes,415,6,1,375.0,5.0,1.0
2018,14,ferrari,390,5,2,360.0,5.0,2.0
2018,14,red_bull,248,3,3,238.0,3.0,3.0
2018,14,renault,86,0,4,82.0,0.0,4.0
2018,14,haas,76,0,5,76.0,0.0,5.0
2018,14,mclaren,52,0,6,52.0,0.0,6.0
2018,14,force_india,32,0,7,18.0,0.0,9.0
2018,14,toro_rosso,30,0,8,30.0,0.0,7.0
2018,14,sauber,19,0,9,19.0,0.0,8.0
2018,14,williams,7,0,10,4.0,0.0,10.0
2018,15,mercedes,452,7,1,415.0,6.0,1.0
2018,15,ferrari,415,5,2,390.0,5.0,2.0
2018,15,red_bull,274,3,3,248.0,3.0,3.0
2018,15,renault,91,0,4,86.0,0.0,4.0
2018,15,haas,76,0,5,76.0,0.0,5.0
2018,15,mclaren,58,0,6,52.0,0.0,6.0
2018,15,force_india,32,0,7,32.0,0.0,7.0
2018,15,toro_rosso,30,0,8,30.0,0.0,8.0
2018,15,sauber,21,0,9,19.0,0.0,9.0
2018,15,williams,7,0,10,7.0,0.0,10.0
2018,16,mercedes,495,8,1,452.0,7.0,1.0
2018,16,ferrari,442,5,2,415.0,5.0,2.0
2018,16,red_bull,292,3,3,274.0,3.0,3.0
2018,16,renault,91,0,4,91.0,0.0,4.0
2018,16,haas,80,0,5,76.0,0.0,5.0
2018,16,mclaren,58,0,6,58.0,0.0,6.0
2018,16,force_india,35,0,7,32.0,0.0,7.0
2018,16,toro_rosso,30,0,8,30.0,0.0,8.0
2018,16,sauber,27,0,9,21.0,0.0,9.0
2018,16,williams,7,0,10,7.0,0.0,10.0
2018,17,mercedes,538,9,1,495.0,8.0,1.0
2018,17,ferrari,460,5,2,442.0,5.0,2.0
2018,17,red_bull,319,3,3,292.0,3.0,3.0
2018,17,renault,92,0,4,91.0,0.0,4.0
2018,17,haas,84,0,5,80.0,0.0,5.0
2018,17,mclaren,58,0,6,58.0,0.0,6.0
2018,17,force_india,43,0,7,35.0,0.0,7.0
2018,17,toro_rosso,30,0,8,30.0,0.0,8.0
2018,17,sauber,27,0,9,27.0,0.0,9.0
2018,17,williams,7,0,10,7.0,0.0,10.0
2018,18,mercedes,563,9,1,538.0,9.0,1.0
2018,18,ferrari,497,6,2,460.0,5.0,2.0
2018,18,red_bull,337,3,3,319.0,3.0,3.0
2018,18,renault,106,0,4,92.0,0.0,4.0
2018,18,haas,84,0,5,84.0,0.0,5.0
2018,18,mclaren,58,0,6,58.0,0.0,6.0
2018,18,force_india,47,0,7,43.0,0.0,7.0
2018,18,toro_rosso,32,0,8,30.0,0.0,8.0
2018,18,sauber,28,0,9,27.0,0.0,9.0
2018,18,williams,7,0,10,7.0,0.0,10.0
2018,19,mercedes,585,9,1,563.0,9.0,1.0
2018,19,ferrari,530,6,2,497.0,6.0,2.0
2018,19,red_bull,362,4,3,337.0,3.0,3.0
2018,19,renault,114,0,4,106.0,0.0,4.0
2018,19,haas,84,0,5,84.0,0.0,5.0
2018,19,mclaren,62,0,6,58.0,0.0,6.0
2018,19,force_india,47,0,7,47.0,0.0,7.0
2018,19,sauber,36,0,8,28.0,0.0,9.0
2018,19,toro_rosso,33,0,9,32.0,0.0,8.0
2018,19,williams,7,0,10,7.0,0.0,10.0
2018,20,mercedes,620,10,1,585.0,9.0,1.0
2018,20,ferrari,553,6,2,530.0,6.0,2.0
2018,20,red_bull,392,4,3,362.0,4.0,3.0
2018,20,renault,114,0,4,114.0,0.0,4.0
2018,20,haas,90,0,5,84.0,0.0,5.0
2018,20,mclaren,62,0,6,62.0,0.0,6.0
2018,20,force_india,48,0,7,47.0,0.0,7.0
2018,20,sauber,42,0,8,36.0,0.0,8.0
2018,20,toro_rosso,33,0,9,33.0,0.0,9.0
2018,20,williams,7,0,10,7.0,0.0,10.0
2018,21,mercedes,655,11,1,620.0,10.0,1.0
2018,21,ferrari,571,6,2,553.0,6.0,2.0
2018,21,red_bull,419,4,3,392.0,4.0,3.0
2018,21,renault,122,0,4,114.0,0.0,4.0
2018,21,haas,93,0,5,90.0,0.0,5.0
2018,21,mclaren,62,0,6,62.0,0.0,6.0
2018,21,force_india,52,0,7,48.0,0.0,7.0
2018,21,sauber,48,0,8,42.0,0.0,8.0
2018,21,toro_rosso,33,0,9,33.0,0.0,9.0
2018,21,williams,7,0,10,7.0,0.0,10.0
2019,1,mercedes,44,1,1,0.0,0.0,0.0
2019,1,ferrari,22,0,2,0.0,0.0,0.0
2019,1,red_bull,15,0,3,0.0,0.0,0.0
2019,1,haas,8,0,4,0.0,0.0,0.0
2019,1,renault,6,0,5,0.0,0.0,0.0
2019,1,alfa,4,0,6,0.0,0.0,0.0
2019,1,racing_point,2,0,7,0.0,0.0,0.0
2019,1,toro_rosso,1,0,8,0.0,0.0,0.0
2019,1,mclaren,0,0,9,0.0,0.0,0.0
2019,1,williams,0,0,10,0.0,0.0,0.0
2019,2,mercedes,87,2,1,44.0,1.0,1.0
2019,2,ferrari,48,0,2,22.0,0.0,2.0
2019,2,red_bull,31,0,3,15.0,0.0,3.0
2019,2,alfa,10,0,4,4.0,0.0,6.0
2019,2,mclaren,8,0,5,0.0,0.0,9.0
2019,2,haas,8,0,6,8.0,0.0,4.0
2019,2,renault,6,0,7,6.0,0.0,5.0
2019,2,toro_rosso,3,0,8,1.0,0.0,8.0
2019,2,racing_point,3,0,9,2.0,0.0,7.0
2019,2,williams,0,0,10,0.0,0.0,10.0
2019,3,mercedes,130,3,1,87.0,2.0,1.0
2019,3,ferrari,73,0,2,48.0,0.0,2.0
2019,3,red_bull,52,0,3,31.0,0.0,3.0
2019,3,renault,12,0,4,6.0,0.0,7.0
2019,3,alfa,12,0,5,10.0,0.0,4.0
2019,3,haas,8,0,6,8.0,0.0,6.0
2019,3,mclaren,8,0,7,8.0,0.0,5.0
2019,3,racing_point,7,0,8,3.0,0.0,9.0
2019,3,toro_rosso,4,0,9,3.0,0.0,8.0
2019,3,williams,0,0,10,0.0,0.0,10.0
2019,4,mercedes,173,4,1,130.0,3.0,1.0
2019,4,ferrari,99,0,2,73.0,0.0,2.0
2019,4,red_bull,64,0,3,52.0,0.0,3.0
2019,4,mclaren,18,0,4,8.0,0.0,7.0
2019,4,racing_point,17,0,5,7.0,0.0,8.0
2019,4,alfa,13,0,6,12.0,0.0,5.0
2019,4,renault,12,0,7,12.0,0.0,4.0
2019,4,haas,8,0,8,8.0,0.0,6.0
2019,4,toro_rosso,4,0,9,4.0,0.0,9.0
2019,4,williams,0,0,10,0.0,0.0,10.0
2019,5,mercedes,217,5,1,173.0,4.0,1.0
2019,5,ferrari,121,0,2,99.0,0.0,2.0
2019,5,red_bull,87,0,3,64.0,0.0,3.0
2019,5,mclaren,22,0,4,18.0,0.0,4.0
2019,5,racing_point,17,0,5,17.0,0.0,5.0
2019,5,haas,15,0,6,8.0,0.0,8.0
2019,5,alfa,13,0,7,13.0,0.0,6.0
2019,5,renault,12,0,8,12.0,0.0,7.0
2019,5,toro_rosso,6,0,9,4.0,0.0,9.0
2019,5,williams,0,0,10,0.0,0.0,10.0
2019,6,mercedes,257,6,1,217.0,5.0,1.0
2019,6,ferrari,139,0,2,121.0,0.0,2.0
2019,6,red_bull,110,0,3,87.0,0.0,3.0
2019,6,mclaren,30,0,4,22.0,0.0,4.0
2019,6,racing_point,17,0,5,17.0,0.0,5.0
2019,6,haas,16,0,6,15.0,0.0,6.0
2019,6,toro_rosso,16,0,7,6.0,0.0,9.0
2019,6,renault,14,0,8,12.0,0.0,8.0
2019,6,alfa,13,0,9,13.0,0.0,7.0
2019,6,williams,0,0,10,0.0,0.0,10.0
2019,7,mercedes,295,7,1,257.0,6.0,1.0
2019,7,ferrari,172,0,2,139.0,0.0,2.0
2019,7,red_bull,124,0,3,110.0,0.0,3.0
2019,7,mclaren,30,0,4,30.0,0.0,4.0
2019,7,renault,28,0,5,14.0,0.0,8.0
2019,7,racing_point,19,0,6,17.0,0.0,5.0
2019,7,toro_rosso,17,0,7,16.0,0.0,7.0
2019,7,haas,16,0,8,16.0,0.0,6.0
2019,7,alfa,13,0,9,13.0,0.0,9.0
2019,7,williams,0,0,10,0.0,0.0,10.0
2019,8,mercedes,338,8,1,295.0,7.0,1.0
2019,8,ferrari,198,0,2,172.0,0.0,2.0
2019,8,red_bull,137,0,3,124.0,0.0,3.0
2019,8,mclaren,40,0,4,30.0,0.0,4.0
2019,8,renault,32,0,5,28.0,0.0,5.0
2019,8,racing_point,19,0,6,19.0,0.0,6.0
2019,8,alfa,19,0,7,13.0,0.0,9.0
2019,8,toro_rosso,17,0,8,17.0,0.0,7.0
2019,8,haas,16,0,9,16.0,0.0,8.0
2019,8,williams,0,0,10,0.0,0.0,10.0
2019,9,mercedes,363,8,1,338.0,8.0,1.0
2019,9,ferrari,228,0,2,198.0,0.0,2.0
2019,9,red_bull,169,1,3,137.0,0.0,3.0
2019,9,mclaren,52,0,4,40.0,0.0,4.0
2019,9,renault,32,0,5,32.0,0.0,5.0
2019,9,alfa,22,0,6,19.0,0.0,7.0
2019,9,racing_point,19,0,7,19.0,0.0,6.0
2019,9,toro_rosso,17,0,8,17.0,0.0,8.0
2019,9,haas,16,0,9,16.0,0.0,9.0
2019,9,williams,0,0,10,0.0,0.0,10.0
2019,10,mercedes,407,9,1,363.0,8.0,1.0
2019,10,ferrari,243,0,2,228.0,0.0,2.0
2019,10,red_bull,191,1,3,169.0,1.0,3.0
2019,10,mclaren,60,0,4,52.0,0.0,4.0
2019,10,renault,39,0,5,32.0,0.0,5.0
2019,10,alfa,26,0,6,22.0,0.0,6.0
2019,10,racing_point,19,0,7,19.0,0.0,7.0
2019,10,toro_rosso,19,0,8,17.0,0.0,8.0
2019,10,haas,16,0,9,16.0,0.0,9.0
2019,10,williams,0,0,10,0.0,0.0,10.0
2019,11,mercedes,409,9,1,407.0,9.0,1.0
2019,11,ferrari,261,0,2,243.0,0.0,2.0
2019,11,red_bull,217,2,3,191.0,1.0,3.0
2019,11,mclaren,70,0,4,60.0,0.0,4.0
2019,11,toro_rosso,42,0,5,19.0,0.0,8.0
2019,11,renault,39,0,6,39.0,0.0,5.0
2019,11,racing_point,31,0,7,19.0,0.0,7.0
2019,11,haas,26,0,8,16.0,0.0,9.0
2019,11,alfa,26,0,9,26.0,0.0,6.0
2019,11,williams,1,0,10,0.0,0.0,10.0
2019,12,mercedes,438,10,1,409.0,9.0,1.0
2019,12,ferrari,288,0,2,261.0,0.0,2.0
2019,12,red_bull,244,2,3,217.0,2.0,3.0
2019,12,mclaren,82,0,4,70.0,0.0,4.0
2019,12,toro_rosso,43,0,5,42.0,0.0,5.0
2019,12,renault,39,0,6,39.0,0.0,6.0
2019,12,alfa,32,0,7,26.0,0.0,9.0
2019,12,racing_point,31,0,8,31.0,0.0,7.0
2019,12,haas,26,0,9,26.0,0.0,8.0
2019,12,williams,1,0,10,1.0,0.0,10.0
2019,13,mercedes,471,10,1,438.0,10.0,1.0
2019,13,ferrari,326,1,2,288.0,0.0,2.0
2019,13,red_bull,254,2,3,244.0,2.0,3.0
2019,13,mclaren,82,0,4,82.0,0.0,4.0
2019,13,toro_rosso,51,0,5,43.0,0.0,5.0
2019,13,renault,43,0,6,39.0,0.0,6.0
2019,13,racing_point,40,0,7,31.0,0.0,8.0
2019,13,alfa,32,0,8,32.0,0.0,7.0
2019,13,haas,26,0,9,26.0,0.0,9.0
2019,13,williams,1,0,10,1.0,0.0,10.0
2019,14,mercedes,505,10,1,471.0,10.0,1.0
2019,14,ferrari,351,2,2,326.0,1.0,2.0
2019,14,red_bull,266,2,3,254.0,2.0,3.0
2019,14,mclaren,83,0,4,82.0,0.0,4.0
2019,14,renault,65,0,5,43.0,0.0,6.0
2019,14,toro_rosso,51,0,6,51.0,0.0,5.0
2019,14,racing_point,46,0,7,40.0,0.0,7.0
2019,14,alfa,34,0,8,32.0,0.0,8.0
2019,14,haas,26,0,9,26.0,0.0,9.0
2019,14,williams,1,0,10,1.0,0.0,10.0
2019,15,mercedes,527,10,1,505.0,10.0,1.0
2019,15,ferrari,394,3,2,351.0,2.0,2.0
2019,15,red_bull,289,2,3,266.0,2.0,3.0
2019,15,mclaren,89,0,4,83.0,0.0,4.0
2019,15,renault,67,0,5,65.0,0.0,5.0
2019,15,toro_rosso,55,0,6,51.0,0.0,6.0
2019,15,racing_point,46,0,7,46.0,0.0,7.0
2019,15,alfa,35,0,8,34.0,0.0,8.0
2019,15,haas,26,0,9,26.0,0.0,9.0
2019,15,williams,1,0,10,1.0,0.0,10.0
2019,16,mercedes,571,11,1,527.0,10.0,1.0
2019,16,ferrari,409,3,2,394.0,3.0,2.0
2019,16,red_bull,311,2,3,289.0,2.0,3.0
2019,16,mclaren,101,0,4,89.0,0.0,4.0
2019,16,renault,68,0,5,67.0,0.0,5.0
2019,16,toro_rosso,55,0,6,55.0,0.0,6.0
2019,16,racing_point,52,0,7,46.0,0.0,7.0
2019,16,alfa,35,0,8,35.0,0.0,8.0
2019,16,haas,28,0,9,26.0,0.0,9.0
2019,16,williams,1,0,10,1.0,0.0,10.0
2019,17,mercedes,612,12,1,571.0,11.0,1.0
2019,17,ferrari,435,3,2,409.0,3.0,2.0
2019,17,red_bull,323,2,3,311.0,2.0,3.0
2019,17,mclaren,111,0,4,101.0,0.0,4.0
2019,17,renault,68,0,5,68.0,0.0,5.0
2019,17,toro_rosso,62,0,6,55.0,0.0,6.0
2019,17,racing_point,58,0,7,52.0,0.0,7.0
2019,17,alfa,35,0,8,35.0,0.0,8.0
2019,17,haas,28,0,9,28.0,0.0,9.0
2019,17,williams,1,0,10,1.0,0.0,10.0
2019,18,mercedes,652,13,1,612.0,12.0,1.0
2019,18,ferrari,466,3,2,435.0,3.0,2.0
2019,18,red_bull,341,2,3,323.0,2.0,3.0
2019,18,mclaren,111,0,4,111.0,0.0,4.0
2019,18,renault,73,0,5,68.0,0.0,5.0
2019,18,toro_rosso,64,0,6,62.0,0.0,6.0
2019,18,racing_point,64,0,7,58.0,0.0,7.0
2019,18,alfa,35,0,8,35.0,0.0,8.0
2019,18,haas,28,0,9,28.0,0.0,9.0
2019,18,williams,1,0,10,1.0,0.0,10.0
2019,19,mercedes,695,14,1,652.0,13.0,1.0
2019,19,ferrari,479,3,2,466.0,3.0,2.0
2019,19,red_bull,366,2,3,341.0,2.0,3.0
2019,19,mclaren,121,0,4,111.0,0.0,4.0
2019,19,renault,83,0,5,73.0,0.0,5.0
2019,19,racing_point,65,0,6,64.0,0.0,7.0
2019,19,toro_rosso,64,0,7,64.0,0.0,6.0
2019,19,alfa,35,0,8,35.0,0.0,8.0
2019,19,haas,28,0,9,28.0,0.0,9.0
2019,19,williams,1,0,10,1.0,0.0,10.0
2019,20,mercedes,701,14,1,695.0,14.0,1.0
2019,20,ferrari,479,3,2,479.0,3.0,2.0
2019,20,red_bull,391,3,3,366.0,2.0,3.0
2019,20,mclaren,140,0,4,121.0,0.0,4.0
2019,20,renault,91,0,5,83.0,0.0,5.0
2019,20,toro_rosso,83,0,6,64.0,0.0,7.0
2019,20,racing_point,67,0,7,65.0,0.0,6.0
2019,20,alfa,57,0,8,35.0,0.0,8.0
2019,20,haas,28,0,9,28.0,0.0,9.0
2019,20,williams,1,0,10,1.0,0.0,10.0
2019,21,mercedes,739,15,1,701.0,14.0,1.0
2019,21,ferrari,504,3,2,479.0,3.0,2.0
2019,21,red_bull,417,3,3,391.0,3.0,3.0
2019,21,mclaren,145,0,4,140.0,0.0,4.0
2019,21,renault,91,0,5,91.0,0.0,5.0
2019,21,toro_rosso,85,0,6,83.0,0.0,6.0
2019,21,racing_point,73,0,7,67.0,0.0,7.0
2019,21,alfa,57,0,8,57.0,0.0,8.0
2019,21,haas,28,0,9,28.0,0.0,9.0
2019,21,williams,1,0,10,1.0,0.0,10.0
